0001ad0002aestat0002aestas0003agr0003ager0004alter0005ambul0005ambulare0005ambulav0005ambulat0006amic0007amic0008arbor0008arbor0009brev0010cur0011curr0011currere0011cucurr0011curs0012defess0013dum0014ecce0015esse0015sum0015es0015est0015sumus0015estis0015sunt0015eram0015eras0015erat0015eramus0015eratis0015erant0015ero0015eris0015erit0015erimus0015eritis0015erunt0015fui0015fuisti0015fuit0015fuimus0015fuistis0015fuerunt0015fueram0015fueras0015fuerat0015fueramus0015fueratis0015fuerant0015fuero0015fueris0015fuerit0015fuerimus0015fueritis0015fuerint0016et0017etiam0018ex0019fac0019facere0019fec0019fact0020habit0020habitare0020habitav0020habitat0021hodie0022iam0023in0024laet0025leg0025legere0025lex0025lect0026lente0027nomin0027nomen0028non0029puell0030puer0030puer0031quae0032quis0033quod0034quoquo0035roman0036rustic0037saepe0038scrib0038scribere0038scrips0038scrips0039sed0040sed0040sedere0040sedu0040sedit0041strenu0042sub0043tandem0044tempor0044tempus0045ubi0046vicin0047vill
